SKU,Name,Category,Price
SKU-101,Keyboard,Peripherals,1850
SKU-102,Mouse,Peripherals,950
SKU-103,Monitor 24",Displays,14200
SKU-104,USB Cable,Accessories,250
SKU-105,Webcam HD,Peripherals,3200
SKU-106,Headphones,Audio,4100
SKU-107,Gaming Laptop,Computers,89900
SKU-108,Mousepad,Accessories,450
SKU-109,External SSD 1TB,Storage,7600
SKU-110,Flash Drive 64GB,Storage,650
SKU-111,Ethernet Cable,Accessories,350
SKU-112,Office Chair,Furniture,12500
SKU-113,Desk Lamp,Furniture,1900
SKU-114,Mechanical Keyboard,Peripherals,6800
SKU-115,Microphone USB,Audio,5400
